Student_Id,Student_Fname,Student_Lname,Student_BrithDate,Student_City,Student_Email,Student_Password,Student_Gender,Track_Id
1,Ali,Ahmed,5/21/1996,Cairo,ali.ahmed1@example.com,pass123,Male,1
2,Sara,Hassan,11/2/1997,Alexandria,sara.hassan2@example.com,pass234,Female,2
3,Omar,Mohamed,2/13/1998,Giza,omar.mohamed3@example.com,pass345,Male,3
4,Fatma,Ali,8/30/1999,Shubra El-Kheima,fatma.ali4@example.com,pass456,Female,4
5,Youssef,Ibrahim,3/19/2000,Port Said,youssef.ibrahim5@example.com,pass567,Male,5
6,Asmaa,Youssef,12/12/1996,Suez,asmaa.youssef6@example.com,pass678,Female,6
7,Mohamed,Adel,7/23/1997,Mansoura,mohamed.adel7@example.com,pass789,Male,7
8,Layla,Mahmoud,4/14/1998,Tanta,layla.mahmoud8@example.com,pass890,Female,8
9,Ahmed,Saad,10/25/1999,Asyut,ahmed.saad9@example.com,pass901,Male,9
10,Mai,Khaled,1/16/2000,Ismailia,mai.khaled10@example.com,pass012,Female,10
11,Hassan,Fouad,6/7/2001,Cairo,hassan.fouad11@example.com,pass123,Male,11
12,Nour,Ahmed,9/18/1996,Alexandria,nour.ahmed12@example.com,pass234,Female,1
13,Khaled,Mohsen,12/29/1997,Giza,khaled.mohsen13@example.com,pass345,Male,2
14,Aya,Mostafa,3/30/1998,Shubra El-Kheima,aya.mostafa14@example.com,pass456,Female,3
15,Karim,Tarek,5/11/1999,Port Said,karim.tarek15@example.com,pass567,Male,4
16,Dina,Amin,7/22/2000,Suez,dina.amin16@example.com,pass678,Female,5
17,Sami,Nabil,10/3/2001,Mansoura,sami.nabil17@example.com,pass789,Male,6
18,Lamis,Hany,1/4/1996,Tanta,lamis.hany18@example.com,pass890,Female,7
19,Youssef,Magdy,11/5/1997,Asyut,youssef.magdy19@example.com,pass901,Male,8
20,Rania,Samir,8/6/1998,Ismailia,rania.samir20@example.com,pass012,Female,9
21,Mohamed,Hassan,5/7/1999,Cairo,mohamed.hassan21@example.com,pass123,Male,10
22,Nadia,Youssef,2/8/2000,Alexandria,nadia.youssef22@example.com,pass234,Female,11
23,Adel,Ahmed,9/9/2001,Giza,adel.ahmed23@example.com,pass345,Male,1
24,Noha,Hany,4/10/1996,Shubra El-Kheima,noha.hany24@example.com,pass456,Female,2
25,Waleed,Ali,1/11/1997,Port Said,waleed.ali25@example.com,pass567,Male,3
26,Mona,Khaled,10/12/1998,Suez,mona.khaled26@example.com,pass678,Female,4
27,Yara,Mahmoud,7/13/1999,Mansoura,yara.mahmoud27@example.com,pass789,Female,5
28,Fady,Nabil,4/14/2000,Tanta,fady.nabil28@example.com,pass890,Male,6
29,Amina,Omar,1/15/2001,Asyut,amina.omar29@example.com,pass901,Female,7
30,Ahmed,Tarek,8/16/1996,Ismailia,ahmed.tarek30@example.com,pass012,Male,8
31,Salma,Mohamed,5/17/1997,Cairo,salma.mohamed31@example.com,pass123,Female,9
32,Hisham,Ali,2/18/1998,Alexandria,hisham.ali32@example.com,pass234,Male,10
33,Farah,Hassan,11/19/1999,Giza,farah.hassan33@example.com,pass345,Female,11
34,Ramy,Adel,8/20/2000,Shubra El-Kheima,ramy.adel34@example.com,pass456,Male,1
35,Nour,Ibrahim,5/21/2001,Port Said,nour.ibrahim35@example.com,pass567,Female,2
36,Ahmed,Saad,2/22/1996,Suez,ahmed.saad36@example.com,pass678,Male,3
37,Yasmine,Mostafa,11/23/1997,Mansoura,yasmine.mostafa37@example.com,pass789,Female,4
38,Karim,Hany,8/24/1998,Tanta,karim.hany38@example.com,pass890,Male,5
39,Layla,Tarek,5/25/1999,Asyut,layla.tarek39@example.com,pass901,Female,6
40,Mahmoud,Ahmed,2/26/2000,Ismailia,mahmoud.ahmed40@example.com,pass012,Male,7
41,Menna,Sami,11/27/2001,Cairo,menna.sami41@example.com,pass123,Female,8
42,Youssef,Ali,8/28/1996,Alexandria,youssef.ali42@example.com,pass234,Male,9
43,Sara,Hassan,5/29/1997,Giza,sara.hassan43@example.com,pass345,Female,10
44,Amina,Hossam,7/1/1996,Cairo,amina.hossam101@example.com,pass123,Female,1
45,Fady,Fouad,8/2/1997,Alexandria,fady.fouad102@example.com,pass234,Male,2
46,Hala,Omar,9/3/1998,Giza,hala.omar103@example.com,pass345,Female,3
47,Khaled,Said,10/4/1999,Shubra El-Kheima,khaled.said104@example.com,pass456,Male,4
48,Rania,Youssef,11/5/2000,Port Said,rania.youssef105@example.com,pass567,Female,5
49,Tarek,Salah,12/6/2001,Suez,tarek.salah106@example.com,pass678,Male,6
50,Hesham,Nabil,1/7/1996,Mansoura,hesham.nabil107@example.com,pass789,Male,7
51,Salma,Ibrahim,2/8/1997,Tanta,salma.ibrahim108@example.com,pass890,Female,8
52,Mohamed,Hassan,3/9/1998,Asyut,mohamed.hassan109@example.com,pass901,Male,9
53,Dina,Saad,4/10/1999,Ismailia,dina.saad110@example.com,pass012,Female,10
54,Adel,Ali,5/11/2000,Cairo,adel.ali111@example.com,pass123,Male,11
55,Mona,Khaled,6/12/2001,Alexandria,mona.khaled112@example.com,pass234,Female,1
56,Mohamed,Khaled,7/13/1996,Giza,mohamed.khaled113@example.com,pass345,Male,2
57,Heba,Tarek,8/14/1997,Shubra El-Kheima,heba.tarek114@example.com,pass456,Female,3
58,Nour,Adel,9/15/1998,Port Said,nour.adel115@example.com,pass567,Female,4
59,Ahmed,Youssef,10/16/1999,Suez,ahmed.youssef116@example.com,pass678,Male,5
60,Asmaa,Nabil,11/17/2000,Mansoura,asmaa.nabil117@example.com,pass789,Female,6
61,Karim,Mahmoud,12/18/2001,Tanta,karim.mahmoud118@example.com,pass890,Male,7
62,Sara,Omar,1/19/1996,Asyut,sara.omar119@example.com,pass901,Female,8
63,Hisham,Salah,2/20/1997,Ismailia,hisham.salah120@example.com,pass012,Male,9
64,Layla,Hassan,3/21/1998,Cairo,layla.hassan121@example.com,pass123,Female,10
65,Nadia,Ibrahim,4/22/1999,Alexandria,nadia.ibrahim122@example.com,pass234,Female,11
66,Fouad,Fouad,5/23/2000,Giza,fouad.fouad123@example.com,pass345,Male,1
67,Ahmed,Mohamed,1/12/1998,Cairo,ahmed.mohamed@example.com,password1,Male,1
68,Ali,Hassan,7/5/2000,Alexandria,ali.hassan@example.com,password2,Male,2
69,Sara,Ibrahim,3/21/1996,Giza,sara.ibrahim@example.com,password3,Female,3
70,Omar,Hussein,11/19/1994,Beni Suef,omar.hussein@example.com,password4,Male,4
71,Fatima,Abdullah,4/8/1999,Qena,fatima.abdullah@example.com,password5,Female,5
72,Khaled,Ali,5/23/2001,Aswan,khaled.ali@example.com,password6,Male,6
73,Nada,Ahmed,9/15/1997,Cairo,nada.ahmed@example.com,password7,Female,7
74,Mohamed,Hassan,2/4/1998,Alexandria,mohamed.hassan@example.com,password8,Male,8
75,Aisha,Ibrahim,8/12/2000,Giza,aisha.ibrahim@example.com,password9,Female,9
76,Mahmoud,Hussein,12/26/1995,Beni Suef,mahmoud.hussein@example.com,password10,Male,10
77,Omar,Mohamed,2/14/1997,Cairo,omar.mohamed@example.com,password11,Male,11
78,Sarah,Hassan,9/21/1999,Alexandria,sarah.hassan@example.com,password12,Female,1
79,Khaled,Ahmed,8/7/1996,Giza,khaled.ahmed@example.com,password13,Male,2
80,Mona,Hussein,5/24/1994,Beni Suef,mona.hussein@example.com,password14,Female,3
81,Ali,Abdullah,12/12/2000,Qena,ali.abdullah@example.com,password15,Male,4
82,Nada,Ali,7/27/2001,Aswan,nada.ali@example.com,password16,Female,5
83,Mohamed,Ahmed,3/18/1998,Cairo,mohamed.ahmed@example.com,password17,Male,6
84,Aisha,Hassan,10/24/2000,Alexandria,aisha.hassan@example.com,password18,Female,7
85,Mahmoud,Ibrahim,6/9/1995,Giza,mahmoud.ibrahim@example.com,password19,Male,8
86,Fatima,Hussein,2/1/1994,Beni Suef,fatima.hussein@example.com,password20,Female,9
87,Youssef,Mohamed,1/7/1999,Qena,youssef.mohamed@example.com,password21,Male,10
88,Noha,Hassan,6/18/2001,Aswan,noha.hassan@example.com,password22,Female,11
89,Ibrahim,Ahmed,7/29/1996,Cairo,ibrahim.ahmed@example.com,password23,Male,1
90,Leila,Hussein,9/8/1994,Beni Suef,leila.hussein@example.com,password24,Female,2
91,Karim,Abdullah,6/15/1998,Qena,karim.abdullah@example.com,password25,Male,3
92,Dina,Ali,2/9/2001,Aswan,dina.ali@example.com,password26,Female,4
93,Hassan,Ahmed,4/27/1997,Cairo,hassan.ahmed@example.com,password27,Male,5
94,Amira,Hassan,5/3/1999,Alexandria,amira.hassan@example.com,password28,Female,6
95,Ahmed,Ibrahim,1/19/2000,Giza,ahmed.ibrahim@example.com,password29,Male,7
96,Nour,Hussein,10/5/1995,Beni Suef,nour.hussein@example.com,password30,Female,8
97,Youssef,Sayed,11/20/1998,Cairo,youssef.sayed@example.com,password31,Male,9
98,Mona,Gamal,1/15/2001,Alexandria,mona.gamal@example.com,password32,Female,10
99,Tamer,Abdel,6/10/1997,Giza,tamer.abdel@example.com,password33,Male,11
100,Hala,Khaled,7/25/1999,Beni Suef,hala.khaled@example.com,password34,Female,1
101,Ibrahim,Ali,4/30/2000,Qena,ibrahim.ali@example.com,password35,Male,2
102,Hesham,Mohamed,9/11/1995,Aswan,hesham.mohamed@example.com,password36,Male,3
103,Amina,Youssef,3/8/2001,Cairo,amina.youssef@example.com,password37,Female,4
104,Sherif,Hassan,8/19/1996,Alexandria,sherif.hassan@example.com,password38,Male,5
105,Rania,Sayed,12/5/1999,Giza,rania.sayed@example.com,password39,Female,6
106,Mahmoud,Gamal,10/22/1997,Beni Suef,mahmoud.gamal@example.com,password40,Male,7
107,Omar,Mohamed,5/11/2001,Qena,omar.mohamed@example.com,password41,Male,8
108,Mona,Hassan,6/18/1998,Aswan,mona.hassan@example.com,password42,Female,9
109,Ali,Ibrahim,7/30/2000,Cairo,ali.ibrahim@example.com,password43,Male,10
110,Hala,Abdullah,3/25/1996,Alexandria,hala.abdullah@example.com,password44,Female,11
111,Khaled,Gamal,12/10/1997,Giza,khaled.gamal@example.com,password45,Male,1
112,Nour,Sayed,9/2/2000,Beni Suef,nour.sayed@example.com,password46,Female,2
113,Fatima,Mohamed,7/18/1995,Qena,fatima.mohamed@example.com,password47,Female,3
114,Karim,Ali,4/22/1999,Aswan,karim.ali@example.com,password48,Male,4
115,Tamer,Ibrahim,1/27/2001,Cairo,tamer.ibrahim@example.com,password49,Male,5
116,Rania,Hussein,12/15/1998,Alexandria,rania.hussein@example.com,password50,Female,6
117,Sherif,Hassan,3/14/1997,Giza,sherif.hassan@example.com,password51,Male,7
118,Nada,Mohamed,11/22/1996,Beni Suef,nada.mohamed@example.com,password52,Female,8
119,Mohamed,Khaled,10/5/2000,Qena,mohamed.khaled@example.com,password53,Male,9
120,Hesham,Ahmed,5/30/1995,Aswan,hesham.ahmed@example.com,password54,Male,10
121,Mona,Sayed,2/9/1998,Cairo,mona.sayed@example.com,password55,Female,11
122,Fatima,Ibrahim,8/17/1999,Alexandria,fatima.ibrahim@example.com,password56,Female,1
123,Khaled,Gamal,6/22/2001,Giza,khaled.gamal@example.com,password57,Male,2
124,Aisha,Abdullah,4/13/1996,Beni Suef,aisha.abdullah@example.com,password58,Female,3
125,Omar,Sayed,1/21/1997,Qena,omar.sayed@example.com,password59,Male,4
126,Mahmoud,Khaled,12/5/2000,Aswan,mahmoud.khaled@example.com,password60,Male,5
127,Hala,Abdullah,7/25/1998,Cairo,hala.abdullah@example.com,password61,Female,6
128,Mona,Mohamed,10/11/1999,Alexandria,mona.mohamed@example.com,password62,Female,7
129,Sherif,Hussein,3/17/1995,Giza,sherif.hussein@example.com,password63,Male,8
130,Fatima,Sayed,11/1/2001,Beni Suef,fatima.sayed@example.com,password64,Female,9
131,Ahmed,Ali,8/22/1997,Qena,ahmed.ali@example.com,password65,Male,10
132,Rania,Khaled,5/15/2000,Aswan,rania.khaled@example.com,password66,Female,11
133,Mohamed,Emad,11/20/1998,Giza,Mohamed.Emad@example.com,password31,Male,11
134, Rady, Mohamed,6/22/1996, Cairo, r.mohamed@gmail.com,password32, Male,22
135, Fadwa, Hany,11/2/1997, Alexandria, f.hassan@outlook.com,passowrd33, Female,11
136, Mohammed, Osama,2/13/1998, Giza, moh.ali@protonmail.com,password33, Male,12
137, Aisha, Rady,8/30/1999, Aswan, aisha.youss@outlook.com,password33, Female,13
138, Yossef, mahmoud,3/19/2000, Luxor, y.sai@gmail.com,password34, Male,14
139, Sara, Swesi,12/12/1996, Cairo, sarah.hassan@gmail.com,password33, Female,1
140, Mohammed, Sadek,7/23/1997, Alexandria, mohammed.khal@aol.com,password34, Male,2
141, Nadia, Ismail,4/14/1998, Giza, nadia.ibrah@gmail.com,passowrd34, Female,3
142, Ahmed, Marawan,10/25/1999, Beni Suef, ahmed.mouss@gmail.com,passowrd35, Male,4
143, Fatima, Rehab,1/16/2000, Fayoum, fatima.ram@gmail.com,passowrd36, Female,5
144, Youssef, kamel,6/7/2001, Fayoum, youssef.sam@gmail.com,passowrd37, Male,6
145, Aisha, Senousi,5/18/1996, Alexandria, aisha.mohd@gmail.com,passowrd38, Female,7
146, Omar, Saber,11/30/1997, Assiut, omar.say@gmail.com,passowrd39, Male,8
147, Heba, Kamal,3/30/1998, Assiut, heba.gamal@gmail.com,passowrd40, Female,9
148, Rami, Essam,5/11/1999, Minya, rami.ali@gmail.com,passowrd41, Male,10
149, Mariam, Ismail,7/22/2000, Cairo, mariam.ibrahim@outlook.com,passowrd42, Female,11
150, Hossam, Okasha,10/3/2001, Dakahlia, hossam.yousf@gmail.com,passowrd43, Male,12
151, Rania, Saify,1/4/1996, Damietta, rania.sala@gmail.com,passowrd44, Female,13
152, Tamer, Zaki,11/5/1997, Behira, tamer.zaki@gmail.com,passowrd45, Male,14
153, Dalia, Gomaa,6/8/1998, Behira, dalia.gaber@gmail.com,passowrd46, Female,15
154, Omar, Mobarak,5/7/1999, Cairo, omar.mob@gmail.com,passowrd47, Male,16
155, Khaled, Mobarak,2/9/2000, Suez, khaled.ahmed@gmail.com,passowrd48, Male,17
156, Mona, Mamdouh,9/9/2001, Giza, mona.hassan@gmail.com,passowrd49, Female,18
157, Salah, Mohanad,4/10/1996, Damietta, salah.mohamed@gmail.com,passowrd50, Male,19
158, Hala, Ramy,1/11/1997, Luxor, hal.ramy@gmail.com,passowrd51, Female,20
159, Adel, Sayed,10/12/1998, Qena, adel.sayed@gmail.com,passowrd52, Male,21
160, Nadia, Khaled,7/13/1999, Sohag, nadia.kh@gmail.com,passowrd53, Female,22
161, Tamer, Ali,4/14/2000, Matrouh, tamer.al@gmail.com,passowrd54, Male,10
162, Mariam, Hendawy,1/15/2001, Matrouh, mariam.hedo@gmail.com,passowrd55, Female,11
163, Hossam, Gomaa,8/16/1996, Matrouh, hossam.g@gmail.com,passowrd56, Male,12
164, Fatima, Saleh,5/17/1997, Cairo, fatima.saleh@gmail.com,passowrd57, Female,13
165, Youssef, Sednawy,2/18/1998, Minya, youssef.sadd@gmail.com,passowrd58, Male,14
166, Omar, Mesadak,11/19/1999, Giza, omar.mes@gmail.com,passowrd59, Male,15
167, Heba, Hendy,8/20/2000, Sharkia, heba.ibr@gmail.com,passowrd60, Female,16
168, Rania, Touni,5/21/2001, Ismailia, rania.touni@gmail.com,passowrd61, Female,17
169, Khaled, Zaki,2/22/1996, Cairo, khaled.zaki@gmail.com,passowrd62, Male,18
170, Mona, Rasheed,11/23/1997, Alexandria, mona.rasheed@gmail.com,passowrd63, Female,19
171, Salah, Mohamedein,8/24/1998, Giza, salah.mohamedein@gmail.com,passowrd64, Male,20
172, Hala, Samer,5/25/1999, Portsaid, hala.saye@gmail.com,passowrd65, Female,2
173, Adel, Shaker,2/26/2000, Luxor, adel.sk@gmail.com,passowrd66, Male,4
174, Nadia, Gabr,11/27/2001, Cairo, nadia.gbr@gmail.com,passowrd67, Female,6
175, Tamer, Moussa,8/28/1996, Alexandria, tamer.moussa@gmail.com,passowrd68, Male,8
176, Mariam, Mariey,5/29/1997, Giza, mariam.mar.ed@gmail.com,passowrd69, Female,10
177, Hossam, Ali,7/1/1996, Aswan, hossam.alli@gmail.com,passowrd70, Male,12
178, Fatima, Adli,8/2/1997, Luxor, fatima.adl@gmail.com,passowrd71, Female,14
179, Youssef, Hassan,9/3/1998, Cairo, youssef.hasan@gmail.com,passowrd72, Male,16
180, Omar, Gamal,10/4/1999, Alexandria, omar.gamal@gmail.com,passowrd73, Male,18
181, Heba, Rashed,11/5/2000, Giza, heba.rashed@gmail.com,passowrd74, Female,20
182, Rania, Salah,12/6/2001, Aswan, rania.salah@yahoo.com,passowrd75, Female,1
183, Khaled, Moussa,1/7/1996, Luxor, khaled.moussa@yahoo.com,passowrd76, Male,3
184, Mona, Hossam,2/8/1997, Cairo, mona.hosni@gmail.com,passowrd77, Female,5
185, Salah, Ramy,3/9/1998, Alexandria, salah.ramy@gmail.com,passowrd78, Male,7
186, Hala, Zaki,4/10/1999, Giza, hala.zaki@gmail.com,passowrd79, Female,9
187, Adel, Gaber,5/11/2000, Giza, adel.gaber@gmail.com,passowrd80, Male,11
188, Nadine, samir,6/12/2001, Luxor, nad.khaled@gmail.com,passowrd81,Female,13
189, Tamer, Ali,7/13/1996, Cairo, tamer.ali@gmail.com,passowrd82, Male,15
190, Mariam, Hasaan,8/14/1997, Alexandria, mariam.hassaan@gmail.com,passowrd83, Female,17
191, Hossam, Mahmoud,9/15/1998, Giza, hossam.mom@gmail.com,passowrd84, Male,19
192, Fatima, Rashed,10/16/1999, Aswan, fatima.rashed@gmail.com,passowrd85, Female,21
193, Youssef, Sayed,11/17/2000, Luxor, youssef.sayed@gmail.com,passowrd86, Male,22
194, Omar, Salah,12/18/2001, Cairo, omar.salah@gmail.com,passowrd87, Male,11
195, Heba, Ali,1/19/1996, Alexandria, heba.ali@gmail.com,passowrd88, Female,15
196, Rania, Moussa,2/20/1997, Giza, rania.mousa@gmail.com,passowrd89, Female,17
197, Khaled, Hossam,3/21/1998, Aswan, khaled.hossam@gmail.com,passowrd90, Male,18
198, Mona, Gamal,4/22/1999, Luxor, mona.gam@gmail.com,passowrd91, Female,19
199, Salah, Sayed,5/23/2000, Cairo, salah.sayd@gmail.com,passowrd92, Male,21
200, Hala, Hassan,1/12/1998, Alexandria, hala.hassn@gmail.com,passowrd93, Female,5
201, Adel, Mohamed,7/5/2000, Giza, adel.mohamd@gmail.com,passowrd94, Male,7
202, Nadia, Ramy,3/21/1996, Aswan, nadia.rami@gmail.com,passowrd95, Female,8
203, Tamer, Gaber,11/19/1994, Luxor, tamer.gaber@gmail.com,passowrd96, Male,9
204, Mariam, Sayed,4/8/1999, Cairo, mariam.sayed@gmail.com,passowrd97, Female,7
205, Hossam, Rasheed,5/23/2001, Alexandria, hossam.rasheed@gmail.com,passowrd98, Male,11
206, Fatima, Khaled,9/15/1997, Minya, fatima.khaled@gmail.com,passowrd99, Female,13
207, Youssef, Hossam,2/4/1998, Behira, youssef.hossameldin@gmail.com,passowrd100, Male,18
208, Omar, Moussa,8/12/2000, Suez, omar.mousa22@gmail.com,passowrd101, Male,17
209, Heba, Gaber,12/26/1995, Cairo, heba.gaber@gmail.com,passowrd102, Female,19
210, Rania, Rashed,2/14/1997, Alexandria, rania.rashed@gmail.com,passowrd103, Female,14
211, Khaled, Said,9/21/1999, Giza, khaled.said@gmail.com,passowrd104, Male,15
212, Mona, Gamal,8/7/1996, Suez, mo.gamal@gmail.com,passowrd105, Female,13
213, Salah, Hossam,5/24/1994, Luxor, salah.hosam@gmail.com,passowrd106, Male,12
214, Hala, Sayed,12/12/2000, Cairo, hala.sayed@gmail.com,passowrd107, Female,10
215, Adel, Moussa,7/27/2001, Alexandria, adel.moussa@gmail.com,passowrd108, Male,10
216, Nadia, Saad,3/18/1998, Giza, nadia.s.ahmed@gmail.com,passowrd109, Female,1
217, Tamer, Khaled,10/24/2000, Ismailia, tamer.khaled@gmail.com,passowrd110, Male,1
218, Mariam, Mohamed,6/9/1995, Luxor, mariam.mohamed@gmail.com,passowrd111, Female,2
219, Hossam, Alsaghir,2/1/1994, Cairo, hossam.sghir@gmail.com,passowrd112, Male,3
220, Fatima, Gaber,1/7/1999, Alexandria, fatima.gaber@gmail.com,passowrd113, Female,4
221, Youssef, Rashed,6/18/2001, Giza, youssef.rashed@gmail.com,passowrd114, Male,9
222, Omar, Khaled,7/29/1996, Aswan, omar.khaled@gmail.com,passowrd115, Male,8
223, Heba, Hassan,9/8/1994, Beni Suef, heba.hassan@gmail.com,passowrd116, Female,18
224, Rania, Mohamed,6/15/1998, Cairo, rania.mohamed76@gmail.com,passowrd117, Female,16
225, Khaled, Sayed,2/9/2001, Alexandria, khaled.sayed@gmail.com,passowrd118, Male,19
226, Mona, Hossam,4/27/1997, Giza, mona.hossameldine@gmail.com,passowrd119, Female,20
227, Salah, Moussa,5/3/1999, Aswan, salah.moussa@gmail.com,passowrd120, Male,21
228, Hala, Gaber,1/19/2000, Luxor, hala.gaber@gmail.com,passowrd121, Female,22
229, Adel, Ali,10/5/1995, Cairo, adel.ali@gmail.com,passowrd122, Male,20
230, Nadia, Said,11/20/1998, Alexandria, nadia.said@gmail.com,passowrd123, Female,20
231, Tamer, Rashed,1/15/2001, Giza, tamer.rashed@gmail.com,passowrd124, Male,14
232, Mariam, Khaled,6/10/1997, Sharkia, mariam.khaled@gmail.com,passowrd125, Female,16
233, Hossam, Gaber,7/25/1999, Minya, hossam.gaber@gmail.com,passowrd126, Male,13
234, Mohamed, Hassan,4/30/2000, Cairo, mohamed.hassan@gmail.com,passowrd127, Male,12
235, Salma, Elsorady,9/11/1995, Alexandria, salma.el-sorady88@gmail.com,passowrd128, Female,15
236, Khaled, Tamer,3/8/2001, Giza, khaled.tamer@gmail.com,passowrd129, Male,17
237, Fatima, Ali,8/19/1996, Dakahlia, fatima.ali@gmail.com,passowrd130, Female,18
238, Ahmed, Said,12/5/1999, Sharkia, ahmed.said@gmail.com,passowrd131, Male,19
239, Mona, Gaber,10/22/1997, Cairo, mona.gaber77@gmail.com,passowrd132, Female,1
240, Youssef, Hossam,5/11/2001, Qalyubia, youssef.hossam@gmail.com,passowrd133, Male,2
241, Nadine, Mohamed,6/18/1998, Giza, nadine.moham@gmail.com,passowrd134, Female,15
242, Hossam, Ramy,7/30/2000, Qalyubia, hossam.ramy@gmail.com,passowrd135, Male,3
243, Dalia, Khaled,3/25/1996, Sharkia, dalia.khaled@gmail.com,passowrd136, Female,16
244, Tamer, El-Sharif,12/10/1997, Dakahlia, tamer.el-sharif@gmail.com,passowrd137, Male,6
245, Sofia, Ibrahim,9/2/2000, Alexandria, sofia.ibrahim@gmail.com,passowrd138, Female,18
246, Omar, Gamal,7/18/1995, Giza, omar.gamil@gmail.com,passowrd139, Male,9
247, Mariam, Salah,4/22/1999, Qena, mariam.salah@gmail.com,passowrd140, Female,11
248, Rami, Sayed,1/27/2001, Assiut, rami.sayed@gmail.com,passowrd141, Male,8
249, Sara, Hossam,12/15/1998, Cairo, sara.hossam@gmail.com,passowrd142, Female,3
250, Adel, Hassan,3/14/1997, Sharkia, adl.hassan@gmail.com,passowrd143, Male,7
251, Heba, Mohamed,11/22/1996, Giza, heba.mohamd@gmail.com,passowrd144, Female,20
252, Youssef, Ramy,10/5/2000, Aswan, youssef.ra@gmail.com,passowrd145, Male,15
253, Nadia, Gamea,5/30/1995, Sohag, nadia.gamea.rabii@gmail.com,passowrd146, Female,21
254, Omar, Shahin,2/9/1998, Sohag, omar.el-sharif@gmail.com,passowrd147, Male,22
255, Salma, Sayed,8/17/1999, Behira, salma.samer@gmail.com,passowrd148, Female,16
256, Hossam, Khaled,6/22/2001, Beni Suef, hossam.khaled@gmail.com,passowrd149, Male,3
257, Fatima, Shady,4/13/1996, Ismailia, fatima.shadi@gmail.com,passowrd150, Female,9
258, Adel, Gamil,1/21/1997, Sohag, adel.gamil@gmail.com,passowrd151, Male,8
259, Mariam, Hassan,12/5/2000, Cairo, mariam.hassan@gmail.com,passowrd152, Female,7
260, Rania, Said,7/25/1998, Alexandria, rania.said@gmail.com,passowrd153, Female,4
261, Khaled, Ramy,10/11/1999, Giza, khaled.ramy@gmail.com,passowrd154, Male,6
262, Hala, Ibrahim,3/17/1995, Aswan, hala.ibrahim@gmail.com,passowrd155, Female,5
263, Tamer, Sayed,11/1/2001, Luxor, tamer.sayed@gmail.com,passowrd156, Male,2
264, Mayar, Hossam,8/22/1997, Cairo, may.hossam@gmail.com,passowrd157, Female,4
265, Salah, Gaber,5/15/2000, Alexandria, salah.gaber@gmail.com,passowrd158, Male,22
266, Nadia, Mohamed,11/20/1998, Giza, nadia.mohamed@gmail.com,passowrd159, Female,21
267, Rami, Hassan,5/21/1996, Aswan, rami.hassan@gmail.com,passowrd160, Male,1
268, Heba, Rasmy,11/2/1997, Luxor, heba.rasm@gmail.com,passowrd161, Female,2
269, Omar, Gomaa,2/13/1998, Cairo, omar.goma@gmail.com,passowrd162, Male,3
270, Salma, Said,8/30/1999, Alexandria, salma.said@gmail.com,passowrd163, Female,4
271, Youssef, Ali,3/19/2000, Giza, youssef.ali@gmail.com,passowrd164, Male,5
272, Mariam, Hossam,12/12/1996, Aswan, mariam.ho87@gmail.com,passowrd165, Female,6
273, Khaled, El-Sharif,7/23/1997, Luxor, khaled.el-sharif@gmail.com,passowrd166, Male,7
274, Hala, Mohamed,4/14/1998, Cairo, hala.mohamed@gmail.com,passowrd167, Female,8
275, Fatima, Gamal,10/25/1999, Alexandria, fatima.gamal@gmail.com,passowrd168, Female,9
276, Omar, Sayad,1/16/2000, Behira, omar.sayad@gmail.com,passowrd169, Male,10
277, Salah, Ibrahim,6/7/2001, Qalyubia, salah.ibrahim@gmail.com,passowrd170, Male,11
278, Mona, Khaled,9/18/1996, Dakahlia, mona.khaled@gmail.com,passowrd171, Female,12
279, Rania, Hossam,12/29/1997, Damietta, rania.hossam@gmail.com,passowrd172, Female,13
280, Tamer, Abdelalim,3/30/1998, Alexandria, tamer.alim@gmail.com,passowrd173, Male,14
281, Hossam, Sayed,5/11/1999, PortSaid, hossam.sayed@gmail.com,passowrd174, Male,15
282, Nadia, Rashed,7/22/2000, Sharkia, nadia.rashed@gmail.com,passowrd175, Female,16
283, Adel, Gaber,10/3/2001, Damietta, adel.gaber66@gmail.com,passowrd176, Male,17
284, Mariam, Sayed,1/4/1996, Minya, mariam.ssh@gmail.com,passowrd177, Female,18
285, Salma, Khaled,11/5/1997, Sharkia, salma.khaled@gmail.com,passowrd178, Female,19
286, Hossam, Mohamed,8/6/1998, PortSaid, hossam.mohamed@gmail.com,passowrd179, Male,20
287, Fatima, Ali,5/7/1999, Suez, fatima.ali.ahm@gmail.com,passowrd180, Female,21
288, Omar, Rashedy,2/8/2000, Ismailia, omar.rashedy@gmail.com,passowrd181, Male,11
289, Rania, Sharaf,9/9/2001, Sohag, rania.sharf@gmail.com,passowrd182, Female,12
290, Khaled, Moussa,4/10/1996, Qena, khaled.moussa@gmail.com,passowrd183, Male,13
291, Mariam, Hossini,1/11/1997, Assiut, mariam.hossini@gmail.com,passowrd184, Female,14
292, Hossam, Sayed,10/12/1998, Qalyubia, hossam.sayd@gmail.com,passowrd185, Male,15
293, Salma, Salah,7/13/1999, Dakahlia, salma.salah@gmail.com,passowrd186, Female,16
294, Tamer, Mohamed,4/14/2000, Damietta, tamer.mohd@gmail.com,passowrd187, Male,17
295, Heba, Gamal,1/15/2001, Behira, heba.gamal113@gmail.com,passowrd188, Female,18
296, Youssef, Salah,8/16/1996, Kafr El-Sheikh, youssef.samir@gmail.com,passowrd189, Male,19
297, Mariam, Ali,5/17/1997, Minya, mariam.ali@gmail.com,passowrd190, Female,20
298, Omar, Rashed,2/18/1998, Sharkia, omar.rashed@gmail.com,passowrd191, Male,21
299, Rania, Khaled,11/19/1999, Port Said, rania.khaled@gmail.com,passowrd192, Female,22
300, Khaled, Hany,8/20/2000, Suez, khaled.ibrahim@gmail.com,passowrd193, Male,2
301, Fatima, Sayed,5/21/2001, Ismailia, fatima.sayed@gmail.com,passowrd194, Female,4
302, Tamer, Hossam,2/22/1996, Sohag, tamer.hosm@gmail.com,passowrd195, Male,6
303, Mona, Gaber,11/23/1997, Qena, mona.gaber@gmail.com,passowrd196, Female,8
304, Adel, Gamal,8/24/1998, Assiut, adel.gamal@gmail.com,passowrd197, Male,10
305, Salma, Mohamed,5/25/1999, Qalyubia, salma.mohamed@gmail.com,passowrd198, Female,12
306, Hossam, Tharwat,2/26/2000, Dakahlia, hossam.el-sharif@gmail.com,passowrd199, Male,14
307, Rania, Hassan,11/27/2001, Damietta, rania.hassan@gmail.com,passowrd200, Female,16
308, Youssef, Khaled,8/28/1996, Behira, youssef.khaled@gmail.com,passowrd201, Male,18
309, Mariam, Ragab,5/29/1997, Kafr El-Sheikh, mariam.rag@gmail.com,passowrd202, Female,20
310, Omar, Moussa,7/1/1996, Minya, omar.moussa@gmail.com,passowrd203, Male,22
311, Fatima, Gamal,8/2/1997, Sharkia, fatima.gamal98@gmail.com,passowrd204, Female,1
312, Khaled, Ali,9/3/1998, Port Said, khaled.ali@gmail.com,passowrd205, Male,3
313, Rania, Mohamed,10/4/1999, Suez, rania.mohamed@gmail.com,passowrd206, Female,5
314, Adel, Hossam,11/5/2000, Ismailia, adel.hossam@gmail.com,passowrd207, Male,7
315, Heba, Khaled,12/6/2001, Sohag, heba.khaled@gmail.com,passowrd208, Female,9
316, Mona, Sayed,1/7/1996, Qena, mona.sayed@gmail.com,passowrd209, Female,11
317, Hossam, Ragheb,2/8/1997, Assiut, hossam.ragh@gmail.com,passowrd210, Male,13
318, Salma, Ibrahim,3/9/1998, Qalyubia, salma.ibrahi99@gmail.com,passowrd211, Female,15
319, Youssef, Gamal,4/10/1999, Dakahlia, youssef.gamal@gmail.com,passowrd212, Male,17
320, Tamer, Mohamed,5/11/2000, Damietta, tamer.mohamed@gmail.com,passowrd213, Male,19
321, Mariam, Salah,6/12/2001, Behira, mariam.salah23@gmail.com,passowrd214, Female,21
322, Rania, Ramy,7/13/1996, Kafr El-Sheikh, rania.ramy@gmail.com,passowrd215, Female,11
323, Fatima, Hassan,8/14/1997, Minya, fatima.hassan@gmail.com,passowrd216, Female,12
324, Hossam, Sayed,9/15/1998, Sharkia, hossam.safy@gmail.com,passowrd217, Male,13
325, Salma, Ali,10/16/1999, Port Said, salma.ali@gmail.com,passowrd218, Female,23
326, Youssef, Moussa,11/17/2000, Suez, youssef.moussa@gmail.com,passowrd219, Male,24
327, Mona, Hossam,12/18/2001, Ismailia, mona.hossam@gmail.com,passowrd220, Female,25
328, Khaled, Gamal,1/19/1996, Sohag, khaled.gamal@gmail.com,passowrd221, Male,26
329, Hassan, Sayed,2/20/1997, Beni Suef, hassan.sayed@outlook.com,passowrd222, Male,27
330, Salma, Ali,3/21/1998, Fayoum, salma.ali@yahoo.com,passowrd223, Female,28
331, Youssef, Moussa,4/22/1999, Ismailia, youssef.moussa@aol.com,passowrd224, Male,29
332, Mona, Hosni,5/23/2000, Qena, mona.hosn@outlook.com,passowrd225, Female,30
333, Khaled, Gamal,1/12/1998, Sohag, khaled.gamal@yahoo.com,passowrd226, Male,31
334, Adel, Rashed,7/5/2000, Assiut, adel.rashed@aol.com,passowrd227, Male,32
335, Heba, Gaber,3/21/1996, Behira, heba.gaber@outlook.com,passowrd228, Female,24
336, Mariam, Sharif,11/19/1994, Beni Suef, mariam.el-sharif@yahoo.com,passowrd229, Female,25
337, Omar, Ali,4/8/1999, Fayoum, omar.ali@aol.com,passowrd230, Male,30
338, Rania, Sayed,5/23/2001, Ismailia, rania.sayed@outlook.com,passowrd231, Female,31
339, Youssef, Khaled,9/15/1997, Qena, youssef.khaled@yahoo.com,passowrd232, Male,25
340, Salma, Hossam,2/4/1998, Sohag, salma.hossam@aol.com,passowrd233, Female,26
341, Fatima, Mohamed,8/12/2000, Assiut, fatima.mohamed@outlook.com,passowrd234, Female,27
342, Khaled, Rashed,12/26/1995, Behira, khaled.rashed@yahoo.com,passowrd235, Male,30
343, Hossam, Ali,2/14/1997, Beni Suef, hossam.ali@aol.com,passowrd236, Male,33
344, Mona, El-Sharif,9/21/1999, Fayoum, mona.el-sharif@outlook.com,passowrd237, Female,28
345, Adel, Gamal,8/7/1996, Ismailia, adel.gamal@yahoo.com,passowrd238, Male,29
346, Rania, Sayed,5/24/1994, Qena, rania.sayed@aol.com,passowrd239, Female,26
347, Omar, Mohamed,12/12/2000, Sohag, omar.mohamed@outlook.com,passowrd240, Male,30
348, Salma, Ali,7/27/2001, Assiut, salma.ali789@yahoo.com,passowrd241, Female,32
349, Tarek, Khaled,3/18/1998, Kafr El-Sheikh, t.khaled@aol.com,passowrd242, Male,33
350, Mariam, Hossary,10/24/2000, Beni Suef, mariam.hossar@outlook.com,passowrd243, Female,23
351, Sameh, Rashed,6/9/1995, Fayoum, sam.rashed@yahoo.com,passowrd244, Male,24
352, Khaled, Mohamed,2/1/1994, Ismailia, khaled.mohamed@aol.com,passowrd245, Male,25
353, Asmaa, El-Sharif,1/7/1999, Qena, as.elsharif@outlook.com,passowrd246, Female,26
354, Maya, Gaber,6/18/2001, Sohag, maya.gaber@yahoo.com,passowrd247, Female,27
355, Osama, Sayed,7/29/1996, Assiut, omar.sayed@aol.com,passowrd248, Male,29
356, Rana, Mohamed,9/8/1994, Behira, ran.mohamed@outlook.com,passowrd249, Female,28
357, Youssef, Ali,6/15/1998, Beni Suef, youssef.ali33@yahoo.com,passowrd250, Male,27
358, Hossam, Elsawy,2/9/2001, Fayoum, hossam.sawi@aol.com,passowrd251, Male,26
359, Salma, Ahmed,4/27/1997, Ismailia, salma.ahm@outlook.com,passowrd252, Female,25
360, Farah, Hossam,5/3/1999, Qena, farah.hossam@yahoo.com,passowrd253, Female,23
361, Mariam, Hmeida,1/19/2000, Sohag, mariam.gamal@aol.com,passowrd254, Female,31
362, Khaled, Amr,10/5/1995, Assiut,amr@outlook.com,passowrd255, Male,33
363, Heba, Mamdouh,11/20/1998, Behira, heba55x@yahoo.com,passowrd256, Female,32
364, Zizi, Moussa,1/15/2001, Beni Suef, zz.moussa@aol.com,passowrd257, Male,26
365, Zeinab, Salah,6/10/1997, Fayoum, zz2.salah@outlook.com,passowrd258, Female,27
366, Youssef, Khaled,7/25/1999, Ismailia, youssef.khaled332@yahoo.com,passowrd259, Male,28
368, logein, Hassan,9/11/1995, Sohag, logy.hassan@outlook.com,passowrd261, Female,30
369, Hosni, Mohamed,3/8/2001, Assiut, hos.mohamed@yahoo.com,passowrd262, Male,31
370, Salma, Roushdy,9/11/1996, Behira, salma.rosh@aol.com,passowrd263, Female,32
371, Omar, Gaber,12/5/1999, Beni Suef, omar.gaber@outlook.com,passowrd264, Male,33
372, Reham, Moussa,10/22/1997, Fayoum, reham@yahoo.com,passowrd265, Female,12
373, Khaled, Assem,5/11/2001, Ismailia, khaled.ass@aol.com,passowrd266, Male,14
374, Youssef, Gamal,2/11/1998, Qena, youssef.gamal@outlook.com,passowrd267, Male,16
375, Fatima, Sayed,7/30/2000, Sohag, fatima.sh66@yahoo.com,passowrd268, Female,18
376, Maram, Khaled,7/21/1996, Assiut, mar.khaled@aol.com,passowrd269, Female,20
377, Hossam, Samy,12/10/1997, Behira, hossam.sam@outlook.com,passowrd270, Male,22
378, Salma, Sharif,11/2/2000, Beni Suef, salma.el-sharif97@yahoo.com,passowrd271, Female,24
379, Omar, Rahim,7/18/1995, Fayoum, omar.rahim@aol.com,passowrd272, Male,26
380, Rahma, Hassan,4/22/1999, Ismailia, r11.hassan@outlook.com,passowrd273, Female,28
381, Youssef, Khaled,1/27/2001, Qena, youssef.khaled55@yahoo.com,passowrd274, Male,30
382, Farida, Galal,11/15/1998, Kafr El-Sheikh, far.galal@aol.com,passowrd275, Female,32
383, Manar, Sayed,3/16/1997, Assiut, manar.sayed@outlook.com,passowrd276, Female,30
